Datetime,Water Level (m)
2025-05-30 18:00:00,-0.3823891
2025-05-30 19:00:00,0.012003224
2025-05-30 20:00:00,0.4260884
2025-05-30 21:00:00,0.8956657
2025-05-30 22:00:00,1.3016249
2025-05-30 23:00:00,1.5279261
2025-05-31 00:00:00,1.4519801
2025-05-31 01:00:00,1.1184376
2025-05-31 02:00:00,0.61831886
2025-05-31 03:00:00,0.121946506
2025-05-31 04:00:00,-0.36862797
2025-05-31 05:00:00,-0.66118705
2025-05-31 06:00:00,-0.3840574
2025-05-31 07:00:00,0.09624766
2025-05-31 08:00:00,0.58191866
2025-05-31 09:00:00,1.1285518
2025-05-31 10:00:00,1.597204
2025-05-31 11:00:00,1.8891352
2025-05-31 12:00:00,1.8817226
2025-05-31 13:00:00,1.5621098
2025-05-31 14:00:00,1.0777826
2025-05-31 15:00:00,0.53153396
2025-05-31 16:00:00,0.010622706
2025-05-31 17:00:00,-0.45638752
2025-05-31 18:00:00,-0.6856893
2025-05-31 19:00:00,-0.4069309
2025-05-31 20:00:00,0.011721526
2025-05-31 21:00:00,0.41874996
2025-05-31 22:00:00,0.8737168
2025-05-31 23:00:00,1.2438369
2025-06-01 00:00:00,1.4161807
2025-06-01 01:00:00,1.2937152
2025-06-01 02:00:00,0.9484379
2025-06-01 03:00:00,0.4718225
2025-06-01 04:00:00,0.026836473
2025-06-01 05:00:00,-0.40037936
2025-06-01 06:00:00,-0.59131944
2025-06-01 07:00:00,-0.30439043
2025-06-01 08:00:00,0.11799885
2025-06-01 09:00:00,0.5784154
2025-06-01 10:00:00,1.0957216
2025-06-01 11:00:00,1.5097264
2025-06-01 12:00:00,1.7484555
2025-06-01 13:00:00,1.6977856
2025-06-01 14:00:00,1.3709857
2025-06-01 15:00:00,0.890918
2025-06-01 16:00:00,0.36885777
2025-06-01 17:00:00,-0.124753945
2025-06-01 18:00:00,-0.54087144
2025-06-01 19:00:00,-0.68459266
2025-06-01 20:00:00,-0.41458872
2025-06-01 21:00:00,-0.020801965
2025-06-01 22:00:00,0.37269866
2025-06-01 23:00:00,0.8254223
2025-06-02 00:00:00,1.1539396
2025-06-02 01:00:00,1.3245851
2025-06-02 02:00:00,1.2300133
2025-06-02 03:00:00,0.9096517
2025-06-02 04:00:00,0.47117552
2025-06-02 05:00:00,0.0566647
2025-06-02 06:00:00,-0.31192556
2025-06-02 07:00:00,-0.43702418
2025-06-02 08:00:00,-0.16215284
2025-06-02 09:00:00,0.20820017
2025-06-02 10:00:00,0.6524867
2025-06-02 11:00:00,1.1269162
2025-06-02 12:00:00,1.5061994
2025-06-02 13:00:00,1.7123437
2025-06-02 14:00:00,1.6549237
2025-06-02 15:00:00,1.3357288
2025-06-02 16:00:00,0.87546414
2025-06-02 17:00:00,0.37537324
2025-06-02 18:00:00,-0.07409091
2025-06-02 19:00:00,-0.44582808
2025-06-02 20:00:00,-0.5511585
2025-06-02 21:00:00,-0.30487514
2025-06-02 22:00:00,0.017268708
2025-06-02 23:00:00,0.396652
2025-06-03 00:00:00,0.82339007
2025-06-03 01:00:00,1.1365163
2025-06-03 02:00:00,1.307471
2025-06-03 03:00:00,1.2547117
2025-06-03 04:00:00,0.9801827
2025-06-03 05:00:00,0.5903263
2025-06-03 06:00:00,0.17406297
2025-06-03 07:00:00,-0.14929125
2025-06-03 08:00:00,-0.31782132
2025-06-03 09:00:00,-0.10313288
2025-06-03 10:00:00,0.2119685
2025-06-03 11:00:00,0.57638437
2025-06-03 12:00:00,1.0116967
2025-06-03 13:00:00,1.3260808
2025-06-03 14:00:00,1.4766318
2025-06-03 15:00:00,1.387945
2025-06-03 16:00:00,1.0767524
2025-06-03 17:00:00,0.64350414
2025-06-03 18:00:00,0.19321738
2025-06-03 19:00:00,-0.22656365
2025-06-03 20:00:00,-0.54232794
2025-06-03 21:00:00,-0.6014114
2025-06-03 22:00:00,-0.36730754
2025-06-03 23:00:00,-0.026123507
2025-06-04 00:00:00,0.34984723
2025-06-04 01:00:00,0.75118047
2025-06-04 02:00:00,1.079959
2025-06-04 03:00:00,1.2309277
2025-06-04 04:00:00,1.1654166
2025-06-04 05:00:00,0.8887119
2025-06-04 06:00:00,0.49552745
2025-06-04 07:00:00,0.09540439
2025-06-04 08:00:00,-0.22383696
2025-06-04 09:00:00,-0.4079445
2025-06-04 10:00:00,-0.2991565
2025-06-04 11:00:00,-0.01121917
2025-06-04 12:00:00,0.33304965
2025-06-04 13:00:00,0.7333582
2025-06-04 14:00:00,1.0772742
2025-06-04 15:00:00,1.2732149
2025-06-04 16:00:00,1.2582964
2025-06-04 17:00:00,1.0105164
2025-06-04 18:00:00,0.6126019
2025-06-04 19:00:00,0.17078595
2025-06-04 20:00:00,-0.24526824
2025-06-04 21:00:00,-0.5747949
2025-06-04 22:00:00,-0.6655598
2025-06-04 23:00:00,-0.44845146
2025-06-05 00:00:00,-0.10450384
2025-06-05 01:00:00,0.2720613
2025-06-05 02:00:00,0.6893524
2025-06-05 03:00:00,1.0450859
2025-06-05 04:00:00,1.2395355
2025-06-05 05:00:00,1.2239349
2025-06-05 06:00:00,0.9777905
2025-06-05 07:00:00,0.5955144
2025-06-05 08:00:00,0.18029007
2025-06-05 09:00:00,-0.16047925
2025-06-05 10:00:00,-0.39716005
2025-06-05 11:00:00,-0.35815087
2025-06-05 12:00:00,-0.103687406
2025-06-05 13:00:00,0.20043117
2025-06-05 14:00:00,0.56472605
2025-06-05 15:00:00,0.8975054
2025-06-05 16:00:00,1.1049935
2025-06-05 17:00:00,1.1132016
2025-06-05 18:00:00,0.89089864
